symbol,verdict,strike,lots,entry_premium,exit_premium,gross_pnl,brokerage_paid,net_pnl,pnl_pct,exit_reason,cum_pnl,equity,peak,drawdown
NIFTY,BUY_PE,24050,15,190.39,119.33,-26646.58,40.0,-26686.58,-37.38,sl_hit,-26686.58,473313.42,473313.42,0.0
NIFTY,BUY_PE,24250,14,198.96,180.06,-6616.31,40.0,-6656.31,-9.56,time_exit,-33342.89,466657.11,473313.42,-1.4063218406103926
NIFTY,BUY_PE,24250,13,204.25,281.45,25089.14,40.0,25049.14,37.74,target_hit,-8293.75,491706.25,491706.25,0.0
NIFTY,BUY_PE,24050,14,207.14,236.75,10365.11,40.0,10325.11,14.24,time_exit,2031.3600000000006,502031.36,502031.36,0.0
NIFTY,BUY_PE,23950,15,195.77,300.52,39282.56,40.0,39242.56,53.45,target_hit,41273.92,541273.92,541273.92,0.0
BANKNIFTY,BUY_PE,57200,11,447.86,105.96,-56414.13,40.0,-56454.13,-76.4,sl_hit,-15180.21,484819.79,541273.92,-10.429863312091605
BANKNIFTY,BUY_PE,58000,9,492.23,768.89,37349.24,40.0,37309.24,56.15,target_hit,22129.03,522129.03,541273.92,-3.537005810292876
RELIANCE,BUY_CE,1280,12,24.52,28.44,11770.35,40.0,11730.35,15.95,time_exit,33859.38,533859.38,541273.92,-1.3698313785375134
RELIANCE,BUY_CE,1280,10,27.56,22.2,-13406.2,40.0,-13446.2,-19.52,sl_hit,20413.179999999997,520413.18,541273.92,-3.854007966982789
RELIANCE,BUY_CE,1280,9,30.46,28.81,-3709.47,40.0,-3749.47,-5.47,time_exit,16663.709999999995,516663.71,541273.92,-4.546720078440139
RELIANCE,BUY_CE,1280,12,24.92,26.13,3627.0,40.0,3587.0,4.8,time_exit,20250.709999999995,520250.71,541273.92,-3.8840241924089045
RELIANCE,BUY_CE,1280,9,31.15,33.86,6096.8,40.0,6056.8,8.64,time_exit,26307.509999999995,526307.51,541273.92,-2.765034384069351
RELIANCE,BUY_CE,1300,13,22.7,40.79,58793.48,40.0,58753.48,79.64,target_hit,85060.98999999999,585060.99,585060.99,0.0
RELIANCE,BUY_CE,1320,14,20.96,7.4,-47475.74,40.0,-47515.74,-64.77,sl_hit,37545.24999999999,537545.25,585060.99,-8.121501999304378
RELIANCE,BUY_PE,1300,10,29.29,26.13,-7894.77,40.0,-7934.77,-10.84,sl_hit,29610.479999999992,529610.48,585060.99,-9.477731543851524
RELIANCE,BUY_PE,1300,10,28.44,20.33,-20263.15,40.0,-20303.15,-28.56,sl_hit,9307.32999999999,509307.33,585060.99,-12.947993678402653
RELIANCE,BUY_CE,1300,12,23.86,14.5,-28081.68,40.0,-28121.68,-39.29,sl_hit,-18814.35000000001,481185.64999999997,585060.99,-17.75461734339868
RELIANCE,BUY_CE,1280,9,30.2,20.6,-21608.56,40.0,-21648.56,-31.86,sl_hit,-40462.91000000001,459537.08999999997,585060.99,-21.45484011846355
RELIANCE,BUY_CE,1280,10,25.25,42.51,43143.0,40.0,43103.0,68.28,target_hit,2640.0899999999892,502640.08999999997,585060.99,-14.087574015146698
TCS,BUY_PE,2040,19,22.04,0.5,-71620.5,40.0,-71660.5,-97.79,sl_hit,-69020.41,430979.58999999997,585060.99,-26.335955162554935
TCS,BUY_CE,2060,11,33.15,42.57,18135.09,40.0,18095.09,28.36,target_hit,-50925.32000000001,449074.68,585060.99,-23.243099834771073
TCS,BUY_CE,2100,14,26.53,100.09,180229.34,40.0,180189.34,277.22,target_hit,129264.01999999999,629264.02,629264.02,0.0
TCS,BUY_CE,2180,13,32.1,17.67,-32835.84,40.0,-32875.84,-45.02,sl_hit,96388.18,596388.1799999999,629264.02,-5.224490667685097
TCS,BUY_CE,2180,16,25.39,32.81,20785.55,40.0,20745.55,29.18,target_hit,117133.73,617133.73,629264.02,-1.9276948330845354
TCS,BUY_CE,2180,13,31.74,54.65,52120.18,40.0,52080.18,72.12,target_hit,169213.91,669213.91,669213.91,0.0
TCS,BUY_CE,2220,14,29.71,44.69,36688.81,40.0,36648.81,50.35,target_hit,205862.72,705862.72,705862.72,0.0
TCS,BUY_CE,2240,12,34.21,26.54,-16111.94,40.0,-16151.94,-22.48,sl_hit,189710.78,689710.78,705862.72,-2.288255144003064
TCS,BUY_CE,2260,11,38.75,95.18,108627.68,40.0,108587.68,145.57,target_hit,298298.45999999996,798298.46,798298.46,0.0
TCS,BUY_CE,2360,14,30.18,65.25,85921.74,40.0,85881.74,116.15,target_hit,384180.19999999995,884180.2,884180.2,0.0
TCS,BUY_CE,2440,11,36.33,41.91,10734.29,40.0,10694.29,15.29,time_exit,394874.48999999993,894874.49,894874.49,0.0
TCS,BUY_CE,2460,14,30.15,0.5,-72642.5,40.0,-72682.5,-98.4,sl_hit,322191.98999999993,822191.99,894874.49,-8.122088718832515
TCS,BUY_CE,2380,11,35.94,61.06,48357.83,40.0,48317.83,69.84,target_hit,370509.81999999995,870509.82,894874.49,-2.7226913128342773
TCS,BUY_CE,2420,12,35.25,32.77,-5197.92,40.0,-5237.92,-7.08,time_exit,365271.89999999997,865271.8999999999,894874.49,-3.308015853709282
INFY,BUY_PE,1060,11,16.61,0.5,-70884.0,40.0,-70924.0,-97.04,sl_hit,294347.89999999997,794347.8999999999,894874.49,-11.233596568385817
INFY,BUY_CE,1060,12,14.52,9.45,-24359.7,40.0,-24399.7,-35.01,sl_hit,269948.19999999995,769948.2,894874.49,-13.96020239665118
INFY,BUY_CE,1080,14,12.52,24.75,68512.08,40.0,68472.08,97.66,target_hit,338420.27999999997,838420.28,894874.49,-6.3086176475988225
INFY,BUY_CE,1090,10,18.44,13.05,-21555.53,40.0,-21595.53,-29.28,sl_hit,316824.75,816824.75,894874.49,-8.721864448275868
INFY,BUY_PE,1050,12,15.05,0.5,-69840.0,40.0,-69880.0,-96.73,sl_hit,246944.75,746944.75,894874.49,-16.530780757869184
INFY,BUY_CE,1070,15,12.18,31.69,117053.01,40.0,117013.01,160.12,target_hit,363957.76,863957.76,894874.49,-3.4548677323453467
INFY,BUY_CE,1110,15,12.46,26.88,86542.65,40.0,86502.65,115.71,target_hit,450460.41000000003,950460.41,950460.41,0.0
INFY,BUY_CE,1140,12,15.16,37.72,108295.84,40.0,108255.84,148.77,target_hit,558716.25,1058716.25,1058716.25,0.0
INFY,BUY_CE,1170,13,14.22,0.5,-71344.0,40.0,-71384.0,-96.54,sl_hit,487332.25,987332.25,1058716.25,-6.742505369120385
INFY,BUY_CE,1160,12,14.46,12.17,-10968.72,40.0,-11008.72,-15.86,sl_hit,476323.53,976323.53,1058716.25,-7.782323167326465
INFY,BUY_CE,1160,13,14.08,19.16,26430.95,40.0,26390.95,36.05,target_hit,502714.48000000004,1002714.48,1058716.25,-5.289591994077735
INFY,BUY_CE,1160,10,17.92,20.98,12225.22,40.0,12185.22,17.0,time_exit,514899.7,1014899.7,1058716.25,-4.138649047844504
ICICIBANK,BUY_PE,1410,5,18.73,14.1,-16204.71,40.0,-16244.71,-24.78,sl_hit,498654.99,998654.99,1058716.25,-5.673027121289582
ICICIBANK,BUY_CE,1400,7,15.28,6.42,-43410.4,40.0,-43450.4,-58.03,sl_hit,455204.58999999997,955204.59,1058716.25,-9.7770918317349
ICICIBANK,BUY_CE,1390,5,20.84,17.33,-12301.76,40.0,-12341.76,-16.92,sl_hit,442862.82999999996,942862.83,1058716.25,-10.942820609393692
ICICIBANK,BUY_CE,1400,5,18.48,26.96,29670.42,40.0,29630.42,45.81,target_hit,472493.24999999994,972493.25,1058716.25,-8.144108489881024
ICICIBANK,BUY_CE,1410,5,21.14,14.04,-24851.04,40.0,-24891.04,-33.64,sl_hit,447602.20999999996,947602.21,1058716.25,-10.49516714228199
ICICIBANK,BUY_CE,1410,6,17.12,25.1,33513.55,40.0,33473.55,46.55,target_hit,481075.75999999995,981075.76,1058716.25,-7.333455966128789
ICICIBANK,BUY_CE,1420,5,18.11,34.37,56894.82,40.0,56854.82,89.7,target_hit,537930.58,1037930.58,1058716.25,-1.9632899750051103
ICICIBANK,BUY_CE,1430,5,21.29,40.02,65556.21,40.0,65516.21,87.92,target_hit,603446.7899999999,1103446.79,1103446.79,0.0
ICICIBANK,BUY_CE,1450,5,20.32,11.23,-31806.09,40.0,-31846.09,-44.78,sl_hit,571600.7,1071600.7,1103446.79,-2.8860557925045107
ICICIBANK,BUY_PE,1430,7,14.85,8.96,-28877.35,40.0,-28917.35,-39.74,sl_hit,542683.35,1042683.35,1103446.79,-5.506694165107867
ICICIBANK,BUY_CE,1440,6,15.38,16.52,4782.48,40.0,4742.48,7.34,time_exit,547425.83,1047425.83,1103446.79,-5.076906336371696
ICICIBANK,BUY_CE,1440,5,19.83,17.7,-7459.32,40.0,-7499.32,-10.81,sl_hit,539926.51,1039926.51,1103446.79,-5.75653312653164
ICICIBANK,BUY_CE,1440,5,18.41,19.73,4631.2,40.0,4591.2,7.13,time_exit,544517.71,1044517.71,1103446.79,-5.340455066256531
ICICIBANK,BUY_CE,1440,5,20.45,21.15,2444.4,40.0,2404.4,3.36,time_exit,546922.11,1046922.11,1103446.79,-5.122556022841849
HDFCBANK,BUY_PE,830,8,15.2,8.96,-27469.84,40.0,-27509.84,-41.13,sl_hit,519412.26999999996,1019412.27,1103446.79,-7.615638629933394
HDFCBANK,BUY_CE,810,10,12.71,9.08,-19961.42,40.0,-20001.42,-28.61,sl_hit,499410.85,999410.85,1103446.79,-9.428269758254501
HDFCBANK,BUY_PE,820,13,10.34,9.85,-3497.96,40.0,-3537.96,-4.79,time_exit,495872.88999999996,995872.8899999999,1103446.79,-9.748897815000227
HDFCBANK,BUY_PE,760,9,13.84,18.23,21715.75,40.0,21675.75,31.64,target_hit,517548.63999999996,1017548.6399999999,1103446.79,-7.78453032610663
HDFCBANK,BUY_PE,750,12,10.92,8.24,-17656.26,40.0,-17696.26,-24.55,sl_hit,499852.37999999995,999852.3799999999,1103446.79,-9.388256048123548
DLF,BUY_PE,650,9,9.19,0.5,-64523.25,40.0,-64563.25,-94.62,sl_hit,435289.12999999995,935289.1299999999,1103446.79,-15.239308458181307
DLF,BUY_CE,670,8,11.0,0.5,-69300.0,40.0,-69340.0,-95.51,sl_hit,365949.12999999995,865949.1299999999,1103446.79,-21.523254419907293
DLF,BUY_PE,660,7,12.66,10.42,-12953.73,40.0,-12993.73,-17.77,sl_hit,352955.39999999997,852955.3999999999,1103446.79,-22.70081278681323
DLF,BUY_PE,670,6,13.63,12.48,-5688.94,40.0,-5728.94,-8.49,time_exit,347226.45999999996,847226.46,1103446.79,-23.21999867342947
DLF,BUY_PE,650,11,7.83,14.38,59429.75,40.0,59389.75,83.58,target_hit,406616.20999999996,906616.21,1103446.79,-17.837795332206284
DLF,BUY_PE,650,10,8.28,0.5,-64185.0,40.0,-64225.0,-94.02,sl_hit,342391.20999999996,842391.21,1103446.79,-23.658193794736587
DLF,BUY_CE,660,10,8.85,9.02,1398.99,40.0,1358.99,1.86,time_exit,343750.19999999995,843750.2,1103446.79,-23.53503516014579
DLF,BUY_CE,660,8,11.27,0.5,-71082.0,40.0,-71122.0,-95.62,sl_hit,272628.19999999995,772628.2,1103446.79,-29.980475089333492
DLF,BUY_CE,650,5,15.24,0.5,-60802.5,40.0,-60842.5,-96.78,sl_hit,211785.69999999995,711785.7,1103446.79,-35.49433407658923
TATASTEEL,BUY_PE,190,4,2.88,0.82,-45391.27,40.0,-45431.27,-71.7,sl_hit,166354.42999999996,666354.4299999999,1103446.79,-39.61154846442574
TATASTEEL,BUY_CE,188,3,3.64,0.5,-51810.0,40.0,-51850.0,-86.33,sl_hit,114504.42999999996,614504.4299999999,1103446.79,-44.310461041805205
TATASTEEL,BUY_CE,186,3,3.46,2.83,-10445.2,40.0,-10485.2,-18.37,sl_hit,104019.22999999997,604019.23,1103446.79,-45.26068357133923
TATASTEEL,BUY_PE,188,4,2.81,2.49,-7068.55,40.0,-7108.55,-11.5,sl_hit,96910.67999999996,596910.6799999999,1103446.79,-45.90489678256258
TATASTEEL,BUY_PE,188,4,3.08,1.86,-26748.05,40.0,-26788.05,-39.53,sl_hit,70122.62999999996,570122.63,1103446.79,-48.332567082822365
TATASTEEL,BUY_PE,188,4,2.9,1.95,-20888.7,40.0,-20928.7,-32.8,sl_hit,49193.929999999964,549193.9299999999,1103446.79,-50.229233074301675
TATASTEEL,BUY_PE,186,6,2.18,3.35,38605.68,40.0,38565.68,53.61,target_hit,87759.60999999996,587759.61,1103446.79,-46.734213618039526
TATASTEEL,BUY_CE,184,3,3.5,4.51,16592.63,40.0,16552.63,28.66,target_hit,104312.23999999996,604312.24,1103446.79,-45.234129504332515
TATASTEEL,BUY_CE,186,4,2.81,2.13,-15052.13,40.0,-15092.13,-24.41,sl_hit,89220.10999999996,589220.11,1103446.79,-46.601855627311224
TATASTEEL,BUY_CE,186,5,2.31,4.5,60207.85,40.0,60167.85,94.72,target_hit,149387.95999999996,649387.96,1103446.79,-41.149136878634636
TATASTEEL,BUY_CE,190,5,2.44,3.08,17674.88,40.0,17634.88,26.28,target_hit,167022.83999999997,667022.84,1103446.79,-39.55097372660806
TATASTEEL,BUY_CE,190,4,3.0,2.58,-9214.51,40.0,-9254.51,-14.02,sl_hit,157768.32999999996,657768.33,1103446.79,-40.38966482470804
TATASTEEL,BUY_CE,190,5,2.54,3.09,15093.49,40.0,15053.49,21.55,time_exit,172821.81999999995,672821.82,1103446.79,-39.02544045644467
TATASTEEL,BUY_CE,190,4,3.05,1.01,-44812.35,40.0,-44852.35,-66.84,sl_hit,127969.46999999994,627969.47,1103446.79,-43.09019014863418
SBIN,BUY_PE,1025,11,8.93,5.11,-31533.76,40.0,-31573.76,-42.86,sl_hit,96395.70999999995,596395.71,1103446.79,-45.9515660016556
SBIN,BUY_CE,1030,8,11.41,7.8,-21664.89,40.0,-21704.89,-31.7,sl_hit,74690.81999999995,574690.82,1103446.79,-47.91857430660522
SBIN,BUY_CE,1030,7,12.55,7.46,-26738.6,40.0,-26778.6,-40.64,sl_hit,47912.21999999995,547912.22,1103446.79,-50.3453881994618
SBIN,BUY_PE,1030,9,10.1,9.59,-3425.18,40.0,-3465.18,-5.08,time_exit,44447.03999999995,544447.0399999999,1103446.79,-50.65942055982601
SBIN,BUY_CE,1030,9,11.05,7.69,-22710.64,40.0,-22750.64,-30.5,sl_hit,21696.39999999995,521696.39999999997,1103446.79,-52.721200086140996
SBIN,BUY_CE,1025,8,11.56,17.31,34479.0,40.0,34439.0,49.65,target_hit,56135.39999999995,556135.3999999999,1103446.79,-49.600161508467494
SBIN,BUY_CE,1035,7,12.52,22.35,51600.94,40.0,51560.94,78.44,target_hit,107696.33999999995,607696.34,1103446.79,-44.9274450288627
SBIN,BUY_CE,1035,8,12.27,24.97,76224.0,40.0,76184.0,103.48,target_hit,183880.33999999997,683880.34,1103446.79,-38.02326073194703
SBIN,BUY_CE,1055,7,13.08,0.5,-66045.0,40.0,-66085.0,-96.24,sl_hit,117795.33999999997,617795.34,1103446.79,-44.01222192145758
SBIN,BUY_PE,1025,9,10.07,16.95,46461.92,40.0,46421.92,68.3,target_hit,164217.25999999995,664217.26,1103446.79,-39.80522975647969
SBIN,BUY_PE,1020,8,11.32,9.01,-13832.72,40.0,-13872.72,-20.43,sl_hit,150344.53999999995,650344.5399999999,1103446.79,-41.062446699400894
SBIN,BUY_CE,1030,8,11.17,11.84,3990.27,40.0,3950.27,5.89,time_exit,154294.80999999994,654294.8099999999,1103446.79,-40.70445299858999
SBIN,BUY_CE,1040,9,10.78,21.8,74359.44,40.0,74319.44,102.14,target_hit,228614.24999999994,728614.25,1103446.79,-33.969244679211045
SBIN,BUY_CE,1060,9,10.95,23.77,86509.68,40.0,86469.68,116.99,target_hit,315083.92999999993,815083.9299999999,1103446.79,-26.13291937710926
